{
  "timestamp": "2026-02-10T07:45:11.793473",
  "test_n": 101,
  "results": [
    {
      "name": "Trend Follower",
      "accuracy": 0.504950495049505,
      "correct": 51,
      "total": 101,
      "ci_95": [
        0.40906319132283897,
        0.6004750072548249
      ],
      "p_vs_random": 0.5,
      "p_vs_naive": 0.9561784678805926,
      "elapsed_s": 89.09421634674072
    },
    {
      "name": "Mean Reversion",
      "accuracy": 0.5742574257425742,
      "correct": 58,
      "total": 101,
      "ci_95": [
        0.47684837141099295,
        0.6662246072539644
      ],
      "p_vs_random": 0.08163963092571394,
      "p_vs_naive": 0.6208692039325197,
      "elapsed_s": 90.18947267532349
    },
    {
      "name": "Volatility",
      "accuracy": 0.43564356435643564,
      "correct": 44,
      "total": 101,
      "ci_95": [
        0.34305812093331606,
        0.5329452975570541
      ],
      "p_vs_random": 0.9183603690742861,
      "p_vs_naive": 0.9990411425493989,
      "elapsed_s": 90.33830118179321
    },
    {
      "name": "Pattern Recognition",
      "accuracy": 0.5148514851485149,
      "correct": 52,
      "total": 101,
      "ci_95": [
        0.4186375530960129,
        0.6099770426369786
      ],
      "p_vs_random": 0.421191049253872,
      "p_vs_naive": 0.9342976541492324,
      "elapsed_s": 91.13923335075378
    }
  ]
}